{"file":1,"lives":4,"fuel":100,"damage":1,"map":"Trastero","mapPosition":{"x":38.52000045776367,"y":-0.7699999809265137,"z":-1.1460262537002564},"haveMelee":true,"haveHook":true,"haveFireball":false,"haveDobleJump":false}