{"file":2,"lives":4,"fuel":100,"damage":1,"map":"Trastero","mapPosition":{"x":113.4000015258789,"y":-23.469999313354493,"z":-1.1460262537002564},"haveMelee":true,"haveHook":true,"haveFireball":false,"haveDobleJump":false}